Workbook

Sheet База
A1: Тип номера | B1: Будни | C1: Выходные1 | D1: Выходные2 | E1: Доп будни | F1: Доп выходные | G1: Доп ребенок | H1: раняя бронь | I1: длительный заезд
A2: Standart | B2: 8800 | C2: 13600 | D2: 19500 | E2: 2400 | F2: 2800 | G2: 2100 | H2: 0.9 | I2: =B2 -> 8800 | L2: Раннее бронирование
A3: Standart+ | B3: 9900 | C3: 17700 | D3: 22000 | E3: 2400 | F3: 2800 | G3: 2100 | H3: 0.9 | I3: =B3 -> 9900 | L3: Именинник
A4: luxe | B4: 11200 | C4: 19400 | D4: 24200 | E4: 2400 | F4: 2800 | G4: 2100 | H4: 0.9 | I4: =B4 -> 11200 | L4: 3+1
A5: townhouse | B5: 18100 | C5: 31000 | D5: 43000 | E5: 2400 | F5: 2800 | G5: 2100 | H5: 0.9 | I5: =B5 -> 18100 | L5: 4+1
A6: bungalow | B6: 20200 | C6: 37100 | D6: 49000 | E6: 2400 | F6: 2800 | G6: 2100 | H6: 0.9 | I6: =B6 -> 20200 | L6: Длительный заезд
A7: chalet | B7: 20200 | C7: 37100 | D7: 49000 | E7: 2400 | F7: 2800 | G7: 2100 | H7: 0.9 | I7: =B7 -> 20200 | L7: Нет акций
A8: light | B8: 25000 | C8: 42000 | D8: 57000 | E8: 2400 | F8: 2800 | G8: 2100 | H8: 0.9 | I8: =B8 -> 25000
A9: panorama | B9: 28100 | C9: 44500 | D9: 62500 | E9: 2400 | F9: 2800 | G9: 2100 | H9: 0.9 | I9: =B9 -> 28100
A10: villa | B10: 19400 | C10: 34100 | D10: 45300 | E10: 2400 | F10: 2800 | G10: 2100 | H10: 0.9 | I10: =B10 -> 19400
A11: loft house | B11: 28000 | C11: 40000 | D11: 61000 | E11: 2400 | F11: 2800 | G11: 2100 | H11: 0.9 | I11: =B11 -> 28000
A12: luxe villa | B12: 30500 | C12: 46000 | D12: 65500 | E12: 2400 | F12: 2800 | G12: 2100 | H12: 0.9 | I12: =B12 -> 30500
A13: luxe house | B13: 32000 | C13: 49000 | D13: 69000 | E13: 2400 | F13: 2800 | G13: 2100 | H13: 0.9 | I13: =B13 -> 32000
A14: guest villa | B14: 41000 | C14: 57000 | D14: 86500 | E14: 2400 | F14: 2800 | G14: 2100 | H14: 0.9 | I14: =B14 -> 41000

Sheet Калькулятор
A1: Калькулятор стоимости проживания
A2: Тип номера | B2: Заезд | C2: Выезд | D2: Взрослые | E2: Дети | F2: Дата бронирования | G2: Именинник | H2: Акция | I2: скидка | Z2: РБ | AA2: Им | AB2: 3+1 | AC2: 4+1 | AD2: ДЗ | AE2: макс скидка | AF2: буд ноч подряд | AG2: буд подряд
A3: villa | B3: 46189 | C3: 46198 | D3: 3 | E3: 1 | F3: 46179 | H3: =IF(AE3=0,"Нет акции",IF(AE3=Z3,"Раннее бронирование",IF(AE3=AA3,"Именинник",IF(AE3=AB3,"3+1",IF(AE3=AC3,"4+1",IF(AE3=AD3,"Длительный заезд","")))))) -> 3+1 | I3: =MIN(Z3,AA3,AB3,AC3,AD3) -> 0 | K3: =IF(COLUMN()-5<=$C$3-$B$3, $B$3+(COLUMN()-6), "") -> 46194 | L3: =IF(COLUMN()-5<=$C$3-$B$3, $B$3+(COLUMN()-6), "") -> 46195 | M3: =IF(COLUMN()-5<=$C$3-$B$3, $B$3+(COLUMN()-6), "") -> 46196 | N3: =IF(COLUMN()-5<=$C$3-$B$3, $B$3+(COLUMN()-6), "") -> 46197 | O3: =IF(COLUMN()-5<=$C$3-$B$3, $B$3+(COLUMN()-6), "") | Q3: =IF(COLUMN()-5<=$C$3-$B$3, $B$3+(COLUMN()-6), "") | R3: =IF(COLUMN()-5<=$C$3-$B$3, $B$3+(COLUMN()-6), "") | S3: =IF(COLUMN()-5<=$C$3-$B$3, $B$3+(COLUMN()-6), "") | Z3: =IF(AND(C3-F3>=30, C3>B3), B13*0.1, 0) -> 0 | AA3: =IF(AND(G3="Да", LEN(G3)=2), B13*0.15, 0) -> 0 | AB3: =IF(AF3>=3, VLOOKUP(A3,База!A:G,2,0) + D3*VLOOKUP(A3,База!A:G,5,0) + E3*VLOOKUP(A3,База!A:G,7,0), 0) -> 28700 | AC3: =IF(AF3>=4, VLOOKUP(A3,База!A:G,2,0) + D3*VLOOKUP(A3,База!A:G,5,0) + E3*VLOOKUP(A3,База!A:G,7,0), 0) -> 0 | AD3: =IF(B5>=7, B13 - (B5*VLOOKUP(A3,База!A:G,2,0) + D3*B5*VLOOKUP(A3,База!A:G,5,0) + E3*B5*VLOOKUP(A3,База!A:G,7,0)), 0) -> 8900 | AE3: =MAX(Z3, AA3, AB3, AC3, AD3) -> 28700 | AF3: {=LARGE(FREQUENCY(IF(WEEKDAY(ROW(INDIRECT(B3&":"&C3-1)),2)<=4, ROW(INDIRECT(B3&":"&C3-1))), IF(WEEKDAY(ROW(INDIRECT(B3&":"&C3-1)),2)>=5, ROW(INDIRECT(B3&":"&C3-1)))), 1)} -> 3 | AG3: =MAX(Z7:AN7) -> 4
A5: Всего ночей | B5: =C3-B3 -> 9 | Z5: =IF(COLUMN()-25 <= $C$3-$B$3, $B$3 + (COLUMN()-26), "") -> 46189 | AA5: =IF(COLUMN()-25 <= $C$3-$B$3, $B$3 + (COLUMN()-26), "") -> 46190 | AB5: =IF(COLUMN()-25 <= $C$3-$B$3, $B$3 + (COLUMN()-26), "") -> 46191 | AC5: =IF(COLUMN()-25 <= $C$3-$B$3, $B$3 + (COLUMN()-26), "") -> 46192 | AD5: =IF(COLUMN()-25 <= $C$3-$B$3, $B$3 + (COLUMN()-26), "") -> 46193 | AE5: =IF(COLUMN()-25 <= $C$3-$B$3, $B$3 + (COLUMN()-26), "") -> 46194 | AF5: =IF(COLUMN()-25 <= $C$3-$B$3, $B$3 + (COLUMN()-26), "") -> 46195 | AG5: =IF(COLUMN()-25 <= $C$3-$B$3, $B$3 + (COLUMN()-26), "") -> 46196 | ... BE5: =IF(COLUMN()-25 <= $C$3-$B$3, $B$3 + (COLUMN()-26), "")
A6: Выходные ночи | B6: {=SUMPRODUCT((WEEKDAY(ROW(INDEX(A:A,B3):INDEX(A:A,C3-1)),2)=5)+(WEEKDAY(ROW(INDEX(A:A,B3):INDEX(A:A,C3-1)),2)=6))} -> 2 | Z6: =IF(Z5="", "", IF(OR(WEEKDAY(Z5,2)=5, WEEKDAY(Z5,2)=6), "вых", "будни")) -> будни | AA6: =IF(AA5="", "", IF(OR(WEEKDAY(AA5,2)=5, WEEKDAY(AA5,2)=6), "вых", "будни")) -> будни | AB6: =IF(AB5="", "", IF(OR(WEEKDAY(AB5,2)=5, WEEKDAY(AB5,2)=6), "вых", "будни")) -> будни | AC6: =IF(AC5="", "", IF(OR(WEEKDAY(AC5,2)=5, WEEKDAY(AC5,2)=6), "вых", "будни")) -> вых | AD6: =IF(AD5="", "", IF(OR(WEEKDAY(AD5,2)=5, WEEKDAY(AD5,2)=6), "вых", "будни")) -> вых | AE6: =IF(AE5="", "", IF(OR(WEEKDAY(AE5,2)=5, WEEKDAY(AE5,2)=6), "вых", "будни")) -> будни | AF6: =IF(AF5="", "", IF(OR(WEEKDAY(AF5,2)=5, WEEKDAY(AF5,2)=6), "вых", "будни")) -> будни | AG6: =IF(AG5="", "", IF(OR(WEEKDAY(AG5,2)=5, WEEKDAY(AG5,2)=6), "вых", "будни")) -> будни | ... AW6: =IF(AW5="", "", IF(OR(WEEKDAY(AW5,2)=5, WEEKDAY(AW5,2)=6), "вых", "будни"))
A7: Будничные ночи | B7: =B5-B6 -> 7 | Z7: =IF(Z6="будни", 1, 0) -> 1 | AA7: =IF(AA6="будни", Z7+1, 0) -> 2 | AB7: =IF(AB6="будни", AA7+1, 0) -> 3 | AC7: =IF(AC6="будни", AB7+1, 0) -> 0 | AD7: =IF(AD6="будни", AC7+1, 0) -> 0 | AE7: =IF(AE6="будни", AD7+1, 0) -> 1 | AF7: =IF(AF6="будни", AE7+1, 0) -> 2 | AG7: =IF(AG6="будни", AF7+1, 0) -> 3 | AH7: =IF(AH6="будни", AG7+1, 0) -> 4 | ... AY7: =IF(AY6="будни", AX7+1, 0) -> 0
A8: Пар пт+сб | B8: {=SUMPRODUCT((WEEKDAY(ROW(INDEX(A:A,B3):INDEX(A:A,C3-2)),2)=5)*(WEEKDAY(ROW(INDEX(A:A,B3+1):INDEX(A:A,C3-1)),2)=6))} -> 1
A9: Цена номера | B9: =B7*VLOOKUP(A3,База!A:G,2,0)+B8*VLOOKUP(A3,База!A:G,4,0)+(B6-B8*2)*VLOOKUP(A3,База!A:G,3,0) -> 181100
A10: Доплата за взрослых | B10: =D3*(B7*VLOOKUP(A3,База!A:G,5,0)+B6*VLOOKUP(A3,База!A:G,6,0)) -> 67200
A11: Доплата за детей | B11: =E3*B5*VLOOKUP(A3,База!A:G,7,0) -> 18900
A13: Итого без скидки | B13: =B9+B10+B11 -> 267200
A14: Итого со скидкой | B14: =B13-AE3 -> 238500
